{"cameraMode":{"drawMode":0,"name":"Shaded","section":"Shading Mode"},"sceneLighting":true,"audioPlay":false,"sceneViewState":{"m_AlwaysRefresh":false,"showFog":true,"showSkybox":true,"showFlares":true,"showImageEffects":true,"showParticleSystems":true,"showVisualEffectGraphs":true,"m_FxEnabled":true},"in2DMode":false,"pivot":{"x":-4.492191314697266,"y":4.4414167404174809,"z":5.935277938842773},"rotation":{"x":0.23875875771045686,"y":-0.056186504662036899,"z":0.01383915264159441,"w":0.9693534970283508},"size":16.491085052490236,"orthographic":false}